Side,Noise,Image,TopLeft,TopMid,TopRight,BottomLeft,BottomMid,BottomRight
1,-1,255,CFD-BM-015-017-HC.jpg,CFD-BM-026-041-F.jpg,CFD-BM-237-188-N.jpg,CFD-WM-001-007-HC.jpg,CFD-BM-234-172-N.jpg,CFD-BM-046-042-HC.jpg
0,1,214,CFD-BM-020-026-HO.jpg,CFD-BM-033-003-N.jpg,CFD-BM-015-017-HC.jpg,CFD-BM-013-019-F.jpg,CFD-WM-001-007-HC.jpg,CFD-BM-026-041-F.jpg
1,-1,198,CFD-BM-010-004-HO.jpg,CFD-BM-030-003-N.jpg,CFD-WM-001-007-HC.jpg,CFD-BM-009-002-N.jpg,CFD-BM-250-170-N.jpg,CFD-BM-024-061-HO.jpg
0,-1,163,CFD-BM-046-039-HO.jpg,CFD-BM-011-016-N.jpg,CFD-BM-022-030-A.jpg,CFD-BM-038-004-HC.jpg,CFD-WM-001-007-HC.jpg,CFD-BM-239-136-N.jpg
1,1,28,CFD-BM-025-045-A.jpg,CFD-WM-001-007-HC.jpg,CFD-BM-041-041-HO.jpg,CFD-BM-242-233-N.jpg,CFD-BM-029-026-HC.jpg,CFD-BM-041-045-HC.jpg
0,-1,269,CFD-BM-020-037-A.jpg,CFD-WM-001-007-HC.jpg,CFD-BM-232-213-N.jpg,CFD-BM-021-009-HC.jpg,CFD-BM-021-021-N.jpg,CFD-BM-224-073-N.jpg
0,-1,8,CFD-BM-009-006-HC.jpg,CFD-BM-038-038-A.jpg,CFD-BM-003-003-N.jpg,CFD-BM-202-063-N.jpg,CFD-WM-001-007-HC.jpg,CFD-BM-039-031-HC.jpg
1,-1,142,CFD-BM-045-004-N.jpg,CFD-BM-228-145-N.jpg,CFD-BM-022-027-HO.jpg,CFD-BM-248-128-N.jpg,CFD-WM-001-007-HC.jpg,CFD-BM-003-003-N.jpg
1,-1,183,CFD-BM-025-051-F.jpg,CFD-BM-219-141-N.jpg,CFD-WM-001-007-HC.jpg,CFD-BM-043-014-A.jpg,CFD-BM-036-003-N.jpg,CFD-BM-041-045-HC.jpg
0,-1,78,CFD-BM-204-003-N.jpg,CFD-BM-252-161-N.jpg,CFD-WM-001-007-HC.jpg,CFD-BM-011-019-HC.jpg,CFD-BM-232-213-N.jpg,CFD-BM-045-061-A.jpg
1,1,150,CFD-BM-021-009-HC.jpg,CFD-BM-018-007-HO.jpg,CFD-BM-247-240-N.jpg,CFD-BM-036-045-F.jpg,CFD-BM-022-030-A.jpg,CFD-WM-001-007-HC.jpg
0,1,157,CFD-BM-015-012-A.jpg,CFD-BM-046-006-N.jpg,CFD-BM-016-040-HO.jpg,CFD-WM-001-007-HC.jpg,CFD-BM-232-213-N.jpg,CFD-BM-021-009-HC.jpg
0,-1,71,CFD-BM-019-002-N.jpg,CFD-BM-037-038-HC.jpg,CFD-WM-001-007-HC.jpg,CFD-BM-033-029-HO.jpg,CFD-BM-219-141-N.jpg,CFD-BM-018-007-HO.jpg
0,-1,258,CFD-BM-037-036-HO.jpg,CFD-BM-236-248-N.jpg,CFD-BM-036-045-F.jpg,CFD-BM-011-016-N.jpg,CFD-WM-001-007-HC.jpg,CFD-BM-013-004-HO.jpg
1,-1,284,CFD-BM-018-004-HC.jpg,CFD-WM-001-007-HC.jpg,CFD-BM-033-032-A.jpg,CFD-BM-026-006-HC.jpg,CFD-BM-026-041-F.jpg,CFD-BM-240-207-N.jpg
0,-1,79,CFD-WM-001-007-HC.jpg,CFD-BM-043-071-N.jpg,CFD-BM-238-242-N.jpg,CFD-BM-015-012-A.jpg,CFD-BM-021-009-HC.jpg,CFD-BM-002-013-N.jpg
1,1,129,CFD-BM-017-035-A.jpg,CFD-BM-038-007-HO.jpg,CFD-BM-018-012-A.jpg,CFD-BM-025-051-F.jpg,CFD-BM-036-003-N.jpg,CFD-WM-001-007-HC.jpg
0,-1,185,CFD-BM-032-010-HC.jpg,CFD-BM-200-046-N.jpg,CFD-BM-235-226-N.jpg,CFD-WM-001-007-HC.jpg,CFD-BM-207-024-N.jpg,CFD-BM-041-045-HC.jpg
0,1,82,CFD-BM-028-031-HC.jpg,CFD-BM-025-045-A.jpg,CFD-BM-023-006-HO.jpg,CFD-WM-001-007-HC.jpg,CFD-BM-015-017-HC.jpg,CFD-BM-247-240-N.jpg
0,1,20,CFD-WM-001-007-HC.jpg,CFD-BM-033-032-A.jpg,CFD-BM-009-006-HC.jpg,CFD-BM-001-022-A.jpg,CFD-BM-032-024-N.jpg,CFD-BM-015-012-A.jpg
1,-1,174,CFD-BM-025-004-HC.jpg,CFD-WM-001-007-HC.jpg,CFD-BM-027-001-N.jpg,CFD-BM-036-004-HO.jpg,CFD-BM-002-007-HO.jpg,CFD-BM-236-248-N.jpg
0,1,66,CFD-BM-203-001-N.jpg,CFD-BM-010-015-F.jpg,CFD-BM-046-063-F.jpg,CFD-BM-227-191-N.jpg,CFD-WM-001-007-HC.jpg,CFD-BM-021-026-A.jpg
1,1,161,CFD-BM-033-003-N.jpg,CFD-BM-034-040-A.jpg,CFD-BM-011-020-A.jpg,CFD-WM-001-007-HC.jpg,CFD-BM-016-040-HO.jpg,CFD-BM-032-024-N.jpg
0,-1,59,CFD-BM-234-172-N.jpg,CFD-BM-034-035-HC.jpg,CFD-BM-214-075-N.jpg,CFD-BM-242-233-N.jpg,CFD-BM-034-025-F.jpg,CFD-WM-001-007-HC.jpg
0,1,135,CFD-BM-026-006-HC.jpg,CFD-BM-017-052-HC.jpg,CFD-BM-023-034-HC.jpg,CFD-BM-228-145-N.jpg,CFD-WM-001-007-HC.jpg,CFD-BM-223-171-N.jpg
1,-1,24,CFD-BM-040-032-HC.jpg,CFD-BM-043-071-N.jpg,CFD-BM-039-034-HO.jpg,CFD-BM-002-016-A.jpg,CFD-BM-032-010-HC.jpg,CFD-WM-001-007-HC.jpg
1,-1,9,CFD-BM-003-021-HO.jpg,CFD-WM-001-007-HC.jpg,CFD-BM-019-004-HO.jpg,CFD-BM-233-285-N.jpg,CFD-BM-011-016-N.jpg,CFD-BM-020-024-HC.jpg
1,1,293,CFD-BM-046-042-HC.jpg,CFD-BM-210-148-N.jpg,CFD-BM-228-145-N.jpg,CFD-BM-018-001-N.jpg,CFD-WM-001-007-HC.jpg,CFD-BM-045-055-HO.jpg
1,1,75,CFD-WM-001-007-HC.jpg,CFD-BM-022-022-N.jpg,CFD-BM-200-046-N.jpg,CFD-BM-213-134-N.jpg,CFD-BM-036-037-A.jpg,CFD-BM-040-002-N.jpg
1,1,84,CFD-BM-030-065-F.jpg,CFD-BM-009-006-HC.jpg,CFD-WM-001-007-HC.jpg,CFD-BM-045-055-HO.jpg,CFD-BM-021-009-HC.jpg,CFD-BM-200-046-N.jpg
1,1,69,CFD-BM-046-042-HC.jpg,CFD-BM-018-012-A.jpg,CFD-WM-001-007-HC.jpg,CFD-BM-011-013-F.jpg,CFD-BM-032-010-HC.jpg,CFD-BM-020-024-HC.jpg
0,1,128,CFD-BM-045-061-A.jpg,CFD-WM-001-007-HC.jpg,CFD-BM-022-014-F.jpg,CFD-BM-040-002-N.jpg,CFD-BM-015-016-HO.jpg,CFD-BM-046-006-N.jpg
0,1,43,CFD-BM-024-104-F.jpg,CFD-BM-038-001-N.jpg,CFD-WM-001-007-HC.jpg,CFD-BM-026-017-A.jpg,CFD-BM-248-128-N.jpg,CFD-BM-039-044-F.jpg
1,-1,256,CFD-BM-043-071-N.jpg,CFD-BM-005-010-A.jpg,CFD-BM-247-240-N.jpg,CFD-BM-017-021-N.jpg,CFD-BM-022-004-HC.jpg,CFD-WM-001-007-HC.jpg
1,-1,98,CFD-BM-001-011-HO.jpg,CFD-BM-015-016-HO.jpg,CFD-BM-019-049-F.jpg,CFD-BM-017-052-HC.jpg,CFD-BM-036-037-A.jpg,CFD-WM-001-007-HC.jpg
1,1,177,CFD-BM-025-035-N.jpg,CFD-BM-032-024-N.jpg,CFD-BM-226-276-N.jpg,CFD-BM-018-001-N.jpg,CFD-BM-031-034-F.jpg,CFD-WM-001-007-HC.jpg
1,1,221,CFD-BM-244-197-N.jpg,CFD-BM-005-005-HO.jpg,CFD-BM-015-016-HO.jpg,CFD-BM-009-002-N.jpg,CFD-BM-031-004-HO.jpg,CFD-WM-001-007-HC.jpg
1,1,286,CFD-BM-005-010-A.jpg,CFD-BM-210-148-N.jpg,CFD-WM-001-007-HC.jpg,CFD-BM-045-045-F.jpg,CFD-BM-001-011-HO.jpg,CFD-BM-011-017-HO.jpg
0,-1,67,CFD-BM-037-041-A.jpg,CFD-BM-020-037-A.jpg,CFD-BM-218-132-N.jpg,CFD-BM-028-028-HO.jpg,CFD-BM-040-030-HO.jpg,CFD-WM-001-007-HC.jpg
0,-1,226,CFD-BM-041-045-HC.jpg,CFD-BM-020-016-F.jpg,CFD-BM-039-029-N.jpg,CFD-BM-020-024-HC.jpg,CFD-WM-001-007-HC.jpg,CFD-BM-216-088-N.jpg
1,-1,88,CFD-BM-044-038-HC.jpg,CFD-BM-002-011-HC.jpg,CFD-BM-201-077-N.jpg,CFD-WM-001-007-HC.jpg,CFD-BM-036-007-HC.jpg,CFD-BM-038-004-HC.jpg
0,1,251,CFD-BM-250-170-N.jpg,CFD-BM-021-009-HC.jpg,CFD-BM-033-003-N.jpg,CFD-BM-246-192-N.jpg,CFD-WM-001-007-HC.jpg,CFD-BM-019-045-A.jpg
1,1,29,CFD-BM-037-041-A.jpg,CFD-WM-001-007-HC.jpg,CFD-BM-036-045-F.jpg,CFD-BM-044-037-HO.jpg,CFD-BM-019-008-HC.jpg,CFD-BM-028-028-HO.jpg
1,1,285,CFD-BM-238-242-N.jpg,CFD-BM-044-038-HC.jpg,CFD-BM-037-036-HO.jpg,CFD-WM-001-007-HC.jpg,CFD-BM-030-041-A.jpg,CFD-BM-219-141-N.jpg
1,1,124,CFD-WM-001-007-HC.jpg,CFD-BM-034-025-F.jpg,CFD-BM-020-016-F.jpg,CFD-BM-252-161-N.jpg,CFD-BM-044-001-N.jpg,CFD-BM-015-017-HC.jpg
0,-1,57,CFD-BM-011-020-A.jpg,CFD-BM-044-037-HO.jpg,CFD-BM-251-013-N.jpg,CFD-WM-001-007-HC.jpg,CFD-BM-036-037-A.jpg,CFD-BM-238-242-N.jpg
1,-1,130,CFD-WM-001-007-HC.jpg,CFD-BM-025-040-HO.jpg,CFD-BM-026-009-HO.jpg,CFD-BM-017-052-HC.jpg,CFD-BM-002-016-A.jpg,CFD-BM-029-020-F.jpg
1,1,94,CFD-BM-029-020-F.jpg,CFD-BM-227-191-N.jpg,CFD-BM-221-198-N.jpg,CFD-WM-001-007-HC.jpg,CFD-BM-045-057-HC.jpg,CFD-BM-204-003-N.jpg
0,-1,53,CFD-BM-040-002-N.jpg,CFD-BM-019-004-HO.jpg,CFD-BM-236-248-N.jpg,CFD-BM-041-048-A.jpg,CFD-BM-019-008-HC.jpg,CFD-WM-001-007-HC.jpg
0,1,222,CFD-BM-226-276-N.jpg,CFD-WM-001-007-HC.jpg,CFD-BM-041-030-F.jpg,CFD-BM-215-155-N.jpg,CFD-BM-204-003-N.jpg,CFD-BM-230-232-N.jpg
1,1,51,CFD-BM-222-173-N.jpg,CFD-WM-001-007-HC.jpg,CFD-BM-039-029-N.jpg,CFD-BM-002-007-HO.jpg,CFD-BM-025-035-N.jpg,CFD-BM-030-008-HC.jpg
0,-1,196,CFD-BM-038-038-A.jpg,CFD-BM-022-004-HC.jpg,CFD-WM-001-007-HC.jpg,CFD-BM-031-030-A.jpg,CFD-BM-026-006-HC.jpg,CFD-BM-003-003-N.jpg
1,-1,279,CFD-BM-046-006-N.jpg,CFD-BM-015-014-F.jpg,CFD-BM-219-141-N.jpg,CFD-BM-001-011-HO.jpg,CFD-WM-001-007-HC.jpg,CFD-BM-036-045-F.jpg
1,1,176,CFD-BM-041-045-HC.jpg,CFD-BM-046-042-HC.jpg,CFD-WM-001-007-HC.jpg,CFD-BM-216-088-N.jpg,CFD-BM-019-045-A.jpg,CFD-BM-041-035-N.jpg
1,-1,140,CFD-BM-231-155-N.jpg,CFD-BM-030-003-N.jpg,CFD-BM-200-046-N.jpg,CFD-BM-002-007-HO.jpg,CFD-BM-005-005-HO.jpg,CFD-WM-001-007-HC.jpg
0,1,274,CFD-BM-045-045-F.jpg,CFD-WM-001-007-HC.jpg,CFD-BM-038-038-A.jpg,CFD-BM-044-001-N.jpg,CFD-BM-011-020-A.jpg,CFD-BM-002-002-F.jpg
0,1,208,CFD-BM-046-063-F.jpg,CFD-WM-001-007-HC.jpg,CFD-BM-233-285-N.jpg,CFD-BM-252-161-N.jpg,CFD-BM-013-004-HO.jpg,CFD-BM-022-027-HO.jpg
1,-1,106,CFD-BM-018-007-HO.jpg,CFD-BM-005-016-F.jpg,CFD-BM-031-004-HO.jpg,CFD-WM-001-007-HC.jpg,CFD-BM-023-029-N.jpg,CFD-BM-208-065-N.jpg
1,-1,216,CFD-BM-030-004-HO.jpg,CFD-WM-001-007-HC.jpg,CFD-BM-030-065-F.jpg,CFD-BM-022-014-F.jpg,CFD-BM-026-002-N.jpg,CFD-BM-024-001-N.jpg
1,1,210,CFD-BM-003-003-N.jpg,CFD-BM-015-017-HC.jpg,CFD-BM-044-038-HC.jpg,CFD-BM-026-041-F.jpg,CFD-BM-210-148-N.jpg,CFD-WM-001-007-HC.jpg
0,1,201,CFD-BM-003-003-N.jpg,CFD-BM-003-030-A.jpg,CFD-BM-038-004-HC.jpg,CFD-BM-036-004-HO.jpg,CFD-BM-015-012-A.jpg,CFD-WM-001-007-HC.jpg
1,-1,32,CFD-BM-029-020-F.jpg,CFD-BM-201-077-N.jpg,CFD-WM-001-007-HC.jpg,CFD-BM-246-192-N.jpg,CFD-BM-030-065-F.jpg,CFD-BM-001-014-N.jpg
0,-1,266,CFD-BM-036-045-F.jpg,CFD-WM-001-007-HC.jpg,CFD-BM-022-022-N.jpg,CFD-BM-003-031-F.jpg,CFD-BM-034-031-N.jpg,CFD-BM-248-128-N.jpg
1,-1,113,CFD-BM-023-039-F.jpg,CFD-WM-001-007-HC.jpg,CFD-BM-224-073-N.jpg,CFD-BM-030-041-A.jpg,CFD-BM-246-192-N.jpg,CFD-BM-032-007-HO.jpg
1,1,35,CFD-BM-044-038-HC.jpg,CFD-BM-028-012-A.jpg,CFD-BM-002-016-A.jpg,CFD-BM-020-026-HO.jpg,CFD-BM-013-002-N.jpg,CFD-WM-001-007-HC.jpg
1,-1,76,CFD-BM-026-009-HO.jpg,CFD-WM-001-007-HC.jpg,CFD-BM-231-155-N.jpg,CFD-BM-021-029-F.jpg,CFD-BM-204-003-N.jpg,CFD-BM-249-235-N.jpg
1,1,122,CFD-BM-019-049-F.jpg,CFD-BM-228-145-N.jpg,CFD-BM-036-045-F.jpg,CFD-BM-232-213-N.jpg,CFD-BM-036-007-HC.jpg,CFD-WM-001-007-HC.jpg
1,-1,277,CFD-WM-001-007-HC.jpg,CFD-BM-039-044-F.jpg,CFD-BM-032-039-F.jpg,CFD-BM-032-010-HC.jpg,CFD-BM-218-132-N.jpg,CFD-BM-209-088-N.jpg
1,-1,96,CFD-BM-026-002-N.jpg,CFD-BM-044-051-F.jpg,CFD-WM-001-007-HC.jpg,CFD-BM-022-004-HC.jpg,CFD-BM-244-197-N.jpg,CFD-BM-023-011-A.jpg
1,1,110,CFD-BM-037-038-HC.jpg,CFD-BM-251-013-N.jpg,CFD-BM-019-008-HC.jpg,CFD-WM-001-007-HC.jpg,CFD-BM-235-226-N.jpg,CFD-BM-020-026-HO.jpg
1,-1,272,CFD-BM-019-002-N.jpg,CFD-WM-001-007-HC.jpg,CFD-BM-002-007-HO.jpg,CFD-BM-009-008-A.jpg,CFD-BM-210-148-N.jpg,CFD-BM-037-038-HC.jpg
0,1,112,CFD-BM-033-026-HC.jpg,CFD-BM-029-024-N.jpg,CFD-BM-248-128-N.jpg,CFD-WM-001-007-HC.jpg,CFD-BM-033-032-A.jpg,CFD-BM-031-030-A.jpg
1,-1,246,CFD-BM-030-041-A.jpg,CFD-BM-044-001-N.jpg,CFD-BM-205-001-N.jpg,CFD-BM-026-002-N.jpg,CFD-BM-009-008-A.jpg,CFD-WM-001-007-HC.jpg
0,1,97,CFD-WM-001-007-HC.jpg,CFD-BM-011-017-HO.jpg,CFD-BM-009-002-N.jpg,CFD-BM-029-024-N.jpg,CFD-BM-023-029-N.jpg,CFD-BM-028-031-HC.jpg
1,-1,89,CFD-BM-034-035-HC.jpg,CFD-BM-002-002-F.jpg,CFD-BM-013-004-HO.jpg,CFD-BM-013-002-N.jpg,CFD-BM-025-004-HC.jpg,CFD-WM-001-007-HC.jpg
1,-1,270,CFD-BM-033-038-F.jpg,CFD-BM-010-003-N.jpg,CFD-WM-001-007-HC.jpg,CFD-BM-001-007-F.jpg,CFD-BM-015-012-A.jpg,CFD-BM-036-004-HO.jpg
1,1,233,CFD-WM-001-007-HC.jpg,CFD-BM-247-240-N.jpg,CFD-BM-016-036-N.jpg,CFD-BM-016-042-A.jpg,CFD-BM-233-285-N.jpg,CFD-BM-239-136-N.jpg
1,1,278,CFD-BM-019-004-HO.jpg,CFD-BM-028-012-A.jpg,CFD-WM-001-007-HC.jpg,CFD-BM-202-063-N.jpg,CFD-BM-019-045-A.jpg,CFD-BM-009-008-A.jpg
1,1,249,CFD-BM-206-114-N.jpg,CFD-BM-030-008-HC.jpg,CFD-WM-001-007-HC.jpg,CFD-BM-037-036-HO.jpg,CFD-BM-247-240-N.jpg,CFD-BM-015-014-F.jpg
1,1,148,CFD-BM-211-174-N.jpg,CFD-WM-001-007-HC.jpg,CFD-BM-026-017-A.jpg,CFD-BM-022-027-HO.jpg,CFD-BM-011-019-HC.jpg,CFD-BM-009-002-N.jpg
1,-1,280,CFD-BM-238-242-N.jpg,CFD-BM-246-192-N.jpg,CFD-BM-251-013-N.jpg,CFD-BM-010-004-HO.jpg,CFD-WM-001-007-HC.jpg,CFD-BM-032-007-HO.jpg
0,1,211,CFD-BM-029-026-HC.jpg,CFD-WM-001-007-HC.jpg,CFD-BM-024-001-N.jpg,CFD-BM-040-032-HC.jpg,CFD-BM-021-009-HC.jpg,CFD-BM-021-022-HO.jpg
0,1,45,CFD-BM-044-038-HC.jpg,CFD-WM-001-007-HC.jpg,CFD-BM-235-226-N.jpg,CFD-BM-028-031-HC.jpg,CFD-BM-010-019-A.jpg,CFD-BM-210-148-N.jpg
0,-1,212,CFD-BM-005-016-F.jpg,CFD-BM-001-014-N.jpg,CFD-BM-224-073-N.jpg,CFD-BM-019-004-HO.jpg,CFD-WM-001-007-HC.jpg,CFD-BM-226-276-N.jpg
0,1,31,CFD-BM-043-071-N.jpg,CFD-BM-223-171-N.jpg,CFD-BM-017-052-HC.jpg,CFD-WM-001-007-HC.jpg,CFD-BM-020-026-HO.jpg,CFD-BM-013-004-HO.jpg
0,1,203,CFD-BM-208-065-N.jpg,CFD-BM-036-037-A.jpg,CFD-BM-021-009-HC.jpg,CFD-BM-022-030-A.jpg,CFD-WM-001-007-HC.jpg,CFD-BM-025-004-HC.jpg
1,-1,91,CFD-BM-016-030-F.jpg,CFD-BM-030-065-F.jpg,CFD-WM-001-007-HC.jpg,CFD-BM-021-026-A.jpg,CFD-BM-028-012-A.jpg,CFD-BM-015-014-F.jpg
0,-1,206,CFD-BM-017-035-A.jpg,CFD-WM-001-007-HC.jpg,CFD-BM-024-113-HC.jpg,CFD-BM-023-011-A.jpg,CFD-BM-019-002-N.jpg,CFD-BM-013-016-A.jpg
0,-1,42,CFD-WM-001-007-HC.jpg,CFD-BM-249-235-N.jpg,CFD-BM-018-007-HO.jpg,CFD-BM-046-006-N.jpg,CFD-BM-011-016-N.jpg,CFD-BM-003-021-HO.jpg
0,1,73,CFD-BM-039-044-F.jpg,CFD-BM-029-029-HO.jpg,CFD-BM-036-003-N.jpg,CFD-BM-017-052-HC.jpg,CFD-WM-001-007-HC.jpg,CFD-BM-005-003-N.jpg
1,1,261,CFD-BM-208-065-N.jpg,CFD-BM-036-004-HO.jpg,CFD-BM-034-035-HC.jpg,CFD-BM-041-035-N.jpg,CFD-BM-043-071-N.jpg,CFD-WM-001-007-HC.jpg
1,1,218,CFD-BM-018-004-HC.jpg,CFD-BM-038-038-A.jpg,CFD-WM-001-007-HC.jpg,CFD-BM-020-024-HC.jpg,CFD-BM-028-028-HO.jpg,CFD-BM-026-006-HC.jpg
1,1,200,CFD-BM-041-035-N.jpg,CFD-WM-001-007-HC.jpg,CFD-BM-232-213-N.jpg,CFD-BM-032-010-HC.jpg,CFD-BM-204-003-N.jpg,CFD-BM-243-218-N.jpg
1,-1,105,CFD-BM-041-045-HC.jpg,CFD-WM-001-007-HC.jpg,CFD-BM-234-172-N.jpg,CFD-BM-021-026-A.jpg,CFD-BM-013-002-N.jpg,CFD-BM-017-064-F.jpg
1,1,37,CFD-BM-026-009-HO.jpg,CFD-BM-030-065-F.jpg,CFD-BM-036-045-F.jpg,CFD-BM-044-038-HC.jpg,CFD-WM-001-007-HC.jpg,CFD-BM-041-045-HC.jpg
1,1,250,CFD-WM-001-007-HC.jpg,CFD-BM-031-004-HO.jpg,CFD-BM-025-040-HO.jpg,CFD-BM-013-002-N.jpg,CFD-BM-046-063-F.jpg,CFD-BM-045-045-F.jpg
0,1,10,CFD-BM-013-004-HO.jpg,CFD-BM-046-048-A.jpg,CFD-BM-239-136-N.jpg,CFD-BM-022-027-HO.jpg,CFD-BM-030-003-N.jpg,CFD-WM-001-007-HC.jpg
1,-1,237,CFD-BM-229-209-N.jpg,CFD-BM-013-014-HC.jpg,CFD-BM-003-021-HO.jpg,CFD-BM-041-030-F.jpg,CFD-WM-001-007-HC.jpg,CFD-BM-203-001-N.jpg
1,-1,141,CFD-WM-001-007-HC.jpg,CFD-BM-037-036-HO.jpg,CFD-BM-034-040-A.jpg,CFD-BM-032-007-HO.jpg,CFD-BM-030-003-N.jpg,CFD-BM-043-072-HC.jpg
1,1,72,CFD-BM-017-035-A.jpg,CFD-BM-033-026-HC.jpg,CFD-BM-010-015-F.jpg,CFD-WM-001-007-HC.jpg,CFD-BM-021-021-N.jpg,CFD-BM-028-012-A.jpg
1,-1,125,CFD-BM-046-039-HO.jpg,CFD-BM-028-050-F.jpg,CFD-BM-030-003-N.jpg,CFD-BM-016-030-F.jpg,CFD-BM-043-072-HC.jpg,CFD-WM-001-007-HC.jpg
1,-1,168,CFD-BM-215-155-N.jpg,CFD-WM-001-007-HC.jpg,CFD-BM-030-003-N.jpg,CFD-BM-240-207-N.jpg,CFD-BM-023-006-HO.jpg,CFD-BM-030-065-F.jpg
1,-1,191,CFD-WM-001-007-HC.jpg,CFD-BM-211-174-N.jpg,CFD-BM-026-017-A.jpg,CFD-BM-237-188-N.jpg,CFD-BM-022-014-F.jpg,CFD-BM-038-004-HC.jpg
1,-1,171,CFD-BM-036-007-HC.jpg,CFD-BM-252-161-N.jpg,CFD-BM-034-035-HC.jpg,CFD-BM-001-011-HO.jpg,CFD-BM-018-007-HO.jpg,CFD-WM-001-007-HC.jpg
1,-1,179,CFD-BM-033-026-HC.jpg,CFD-BM-032-039-F.jpg,CFD-BM-033-032-A.jpg,CFD-BM-032-007-HO.jpg,CFD-BM-026-041-F.jpg,CFD-WM-001-007-HC.jpg
1,-1,108,CFD-BM-218-132-N.jpg,CFD-BM-041-041-HO.jpg,CFD-BM-045-061-A.jpg,CFD-BM-036-007-HC.jpg,CFD-WM-001-007-HC.jpg,CFD-BM-023-039-F.jpg
1,-1,227,CFD-BM-041-048-A.jpg,CFD-BM-041-045-HC.jpg,CFD-WM-001-007-HC.jpg,CFD-BM-039-037-A.jpg,CFD-BM-214-075-N.jpg,CFD-BM-251-013-N.jpg
1,1,178,CFD-WM-001-007-HC.jpg,CFD-BM-240-207-N.jpg,CFD-BM-023-034-HC.jpg,CFD-BM-039-029-N.jpg,CFD-BM-247-240-N.jpg,CFD-BM-030-008-HC.jpg
0,1,167,CFD-BM-215-155-N.jpg,CFD-WM-001-007-HC.jpg,CFD-BM-031-004-HO.jpg,CFD-BM-003-021-HO.jpg,CFD-BM-017-035-A.jpg,CFD-BM-043-076-HO.jpg
0,1,164,CFD-BM-019-049-F.jpg,CFD-BM-013-016-A.jpg,CFD-BM-216-088-N.jpg,CFD-BM-029-024-N.jpg,CFD-BM-005-016-F.jpg,CFD-WM-001-007-HC.jpg
0,1,257,CFD-BM-246-192-N.jpg,CFD-BM-030-065-F.jpg,CFD-BM-207-024-N.jpg,CFD-BM-010-003-N.jpg,CFD-BM-251-013-N.jpg,CFD-WM-001-007-HC.jpg
1,1,295,CFD-BM-043-072-HC.jpg,CFD-BM-033-026-HC.jpg,CFD-WM-001-007-HC.jpg,CFD-BM-238-242-N.jpg,CFD-BM-233-285-N.jpg,CFD-BM-002-011-HC.jpg
1,1,116,CFD-WM-001-007-HC.jpg,CFD-BM-202-063-N.jpg,CFD-BM-201-077-N.jpg,CFD-BM-030-065-F.jpg,CFD-BM-210-148-N.jpg,CFD-BM-017-064-F.jpg
1,-1,300,CFD-BM-245-164-N.jpg,CFD-WM-001-007-HC.jpg,CFD-BM-018-004-HC.jpg,CFD-BM-021-022-HO.jpg,CFD-BM-236-248-N.jpg,CFD-BM-011-016-N.jpg
1,1,55,CFD-BM-201-077-N.jpg,CFD-BM-016-030-F.jpg,CFD-WM-001-007-HC.jpg,CFD-BM-211-174-N.jpg,CFD-BM-025-045-A.jpg,CFD-BM-025-035-N.jpg
1,-1,134,CFD-BM-244-197-N.jpg,CFD-BM-033-026-HC.jpg,CFD-BM-033-038-F.jpg,CFD-WM-001-007-HC.jpg,CFD-BM-221-198-N.jpg,CFD-BM-013-019-F.jpg
1,1,253,CFD-BM-021-022-HO.jpg,CFD-BM-019-045-A.jpg,CFD-BM-001-011-HO.jpg,CFD-BM-034-031-N.jpg,CFD-BM-036-004-HO.jpg,CFD-WM-001-007-HC.jpg
1,1,291,CFD-WM-001-007-HC.jpg,CFD-BM-207-024-N.jpg,CFD-BM-025-051-F.jpg,CFD-BM-019-002-N.jpg,CFD-BM-020-001-N.jpg,CFD-BM-028-050-F.jpg
0,-1,47,CFD-BM-003-021-HO.jpg,CFD-WM-001-007-HC.jpg,CFD-BM-003-003-N.jpg,CFD-BM-028-028-HO.jpg,CFD-BM-203-001-N.jpg,CFD-BM-002-011-HC.jpg
0,1,131,CFD-BM-032-010-HC.jpg,CFD-WM-001-007-HC.jpg,CFD-BM-022-027-HO.jpg,CFD-BM-028-028-HO.jpg,CFD-BM-034-033-HO.jpg,CFD-BM-038-007-HO.jpg
1,-1,166,CFD-BM-016-040-HO.jpg,CFD-BM-028-028-HO.jpg,CFD-BM-207-024-N.jpg,CFD-BM-046-063-F.jpg,CFD-WM-001-007-HC.jpg,CFD-BM-022-004-HC.jpg
1,-1,34,CFD-BM-046-048-A.jpg,CFD-BM-025-040-HO.jpg,CFD-WM-001-007-HC.jpg,CFD-BM-038-007-HO.jpg,CFD-BM-005-016-F.jpg,CFD-BM-018-040-F.jpg
0,1,160,CFD-BM-239-136-N.jpg,CFD-BM-043-076-HO.jpg,CFD-BM-043-072-HC.jpg,CFD-WM-001-007-HC.jpg,CFD-BM-029-024-N.jpg,CFD-BM-018-040-F.jpg
1,-1,252,CFD-BM-046-006-N.jpg,CFD-BM-029-026-HC.jpg,CFD-BM-203-001-N.jpg,CFD-BM-228-145-N.jpg,CFD-WM-001-007-HC.jpg,CFD-BM-017-035-A.jpg
0,-1,146,CFD-BM-022-022-N.jpg,CFD-WM-001-007-HC.jpg,CFD-BM-218-132-N.jpg,CFD-BM-233-285-N.jpg,CFD-BM-013-019-F.jpg,CFD-BM-015-012-A.jpg
1,-1,65,CFD-BM-208-065-N.jpg,CFD-BM-033-038-F.jpg,CFD-BM-031-004-HO.jpg,CFD-BM-025-040-HO.jpg,CFD-WM-001-007-HC.jpg,CFD-BM-234-172-N.jpg
1,1,121,CFD-BM-018-004-HC.jpg,CFD-WM-001-007-HC.jpg,CFD-BM-017-021-N.jpg,CFD-BM-028-002-N.jpg,CFD-BM-026-006-HC.jpg,CFD-BM-021-009-HC.jpg
1,1,186,CFD-BM-011-013-F.jpg,CFD-BM-001-022-A.jpg,CFD-BM-033-026-HC.jpg,CFD-BM-249-235-N.jpg,CFD-BM-024-113-HC.jpg,CFD-WM-001-007-HC.jpg
1,-1,92,CFD-BM-036-003-N.jpg,CFD-BM-011-016-N.jpg,CFD-WM-001-007-HC.jpg,CFD-BM-250-170-N.jpg,CFD-BM-227-191-N.jpg,CFD-BM-034-025-F.jpg
0,1,281,CFD-WM-001-007-HC.jpg,CFD-BM-005-010-A.jpg,CFD-BM-031-004-HO.jpg,CFD-BM-040-013-A.jpg,CFD-BM-030-065-F.jpg,CFD-BM-040-030-HO.jpg
1,-1,299,CFD-BM-217-082-N.jpg,CFD-BM-252-161-N.jpg,CFD-BM-230-232-N.jpg,CFD-WM-001-007-HC.jpg,CFD-BM-002-002-F.jpg,CFD-BM-045-045-F.jpg
0,-1,18,CFD-BM-009-008-A.jpg,CFD-BM-031-009-HC.jpg,CFD-WM-001-007-HC.jpg,CFD-BM-039-037-A.jpg,CFD-BM-029-026-HC.jpg,CFD-BM-028-012-A.jpg
0,1,58,CFD-BM-021-026-A.jpg,CFD-BM-030-003-N.jpg,CFD-WM-001-007-HC.jpg,CFD-BM-224-073-N.jpg,CFD-BM-034-031-N.jpg,CFD-BM-015-017-HC.jpg
0,-1,137,CFD-BM-239-136-N.jpg,CFD-BM-032-024-N.jpg,CFD-WM-001-007-HC.jpg,CFD-BM-040-013-A.jpg,CFD-BM-025-040-HO.jpg,CFD-BM-010-003-N.jpg
0,1,231,CFD-BM-018-001-N.jpg,CFD-BM-033-029-HO.jpg,CFD-BM-032-007-HO.jpg,CFD-BM-032-039-F.jpg,CFD-BM-002-011-HC.jpg,CFD-WM-001-007-HC.jpg
0,-1,144,CFD-BM-207-024-N.jpg,CFD-BM-032-024-N.jpg,CFD-BM-224-073-N.jpg,CFD-BM-026-002-N.jpg,CFD-WM-001-007-HC.jpg,CFD-BM-009-002-N.jpg
0,1,224,CFD-BM-019-008-HC.jpg,CFD-WM-001-007-HC.jpg,CFD-BM-015-016-HO.jpg,CFD-BM-017-035-A.jpg,CFD-BM-233-285-N.jpg,CFD-BM-249-235-N.jpg
0,1,238,CFD-BM-039-029-N.jpg,CFD-BM-012-018-N.jpg,CFD-BM-231-155-N.jpg,CFD-WM-001-007-HC.jpg,CFD-BM-044-037-HO.jpg,CFD-BM-244-197-N.jpg
0,1,259,CFD-BM-037-033-N.jpg,CFD-BM-001-007-F.jpg,CFD-BM-236-248-N.jpg,CFD-BM-032-010-HC.jpg,CFD-BM-003-030-A.jpg,CFD-WM-001-007-HC.jpg
0,-1,173,CFD-BM-040-002-N.jpg,CFD-BM-046-063-F.jpg,CFD-BM-036-037-A.jpg,CFD-BM-023-039-F.jpg,CFD-BM-242-233-N.jpg,CFD-WM-001-007-HC.jpg
1,-1,188,CFD-WM-001-007-HC.jpg,CFD-BM-025-051-F.jpg,CFD-BM-018-012-A.jpg,CFD-BM-010-004-HO.jpg,CFD-BM-018-001-N.jpg,CFD-BM-202-063-N.jpg
1,-1,95,CFD-BM-217-082-N.jpg,CFD-BM-011-019-HC.jpg,CFD-BM-002-013-N.jpg,CFD-WM-001-007-HC.jpg,CFD-BM-046-006-N.jpg,CFD-BM-242-233-N.jpg
1,-1,64,CFD-BM-021-029-F.jpg,CFD-WM-001-007-HC.jpg,CFD-BM-028-012-A.jpg,CFD-BM-023-006-HO.jpg,CFD-BM-020-024-HC.jpg,CFD-BM-002-016-A.jpg
1,-1,158,CFD-BM-029-020-F.jpg,CFD-BM-002-013-N.jpg,CFD-WM-001-007-HC.jpg,CFD-BM-011-013-F.jpg,CFD-BM-013-014-HC.jpg,CFD-BM-033-026-HC.jpg
1,1,52,CFD-BM-031-003-N.jpg,CFD-BM-020-001-N.jpg,CFD-WM-001-007-HC.jpg,CFD-BM-226-276-N.jpg,CFD-BM-043-071-N.jpg,CFD-BM-021-009-HC.jpg
1,-1,172,CFD-BM-009-003-HO.jpg,CFD-WM-001-007-HC.jpg,CFD-BM-215-155-N.jpg,CFD-BM-040-002-N.jpg,CFD-BM-009-002-N.jpg,CFD-BM-029-024-N.jpg
1,1,103,CFD-BM-003-021-HO.jpg,CFD-BM-041-041-HO.jpg,CFD-BM-038-038-A.jpg,CFD-BM-033-038-F.jpg,CFD-WM-001-007-HC.jpg,CFD-BM-028-031-HC.jpg
1,-1,215,CFD-BM-223-171-N.jpg,CFD-BM-201-077-N.jpg,CFD-BM-034-025-F.jpg,CFD-BM-033-026-HC.jpg,CFD-BM-021-022-HO.jpg,CFD-WM-001-007-HC.jpg
1,-1,294,CFD-BM-032-015-A.jpg,CFD-BM-033-026-HC.jpg,CFD-BM-206-114-N.jpg,CFD-BM-011-016-N.jpg,CFD-WM-001-007-HC.jpg,CFD-BM-011-020-A.jpg
1,1,230,CFD-WM-001-007-HC.jpg,CFD-BM-001-022-A.jpg,CFD-BM-029-029-HO.jpg,CFD-BM-034-031-N.jpg,CFD-BM-046-039-HO.jpg,CFD-BM-041-030-F.jpg
0,1,232,CFD-BM-245-164-N.jpg,CFD-BM-032-015-A.jpg,CFD-BM-004-002-N.jpg,CFD-WM-001-007-HC.jpg,CFD-BM-235-226-N.jpg,CFD-BM-044-037-HO.jpg
1,-1,74,CFD-BM-034-033-HO.jpg,CFD-WM-001-007-HC.jpg,CFD-BM-016-030-F.jpg,CFD-BM-017-052-HC.jpg,CFD-BM-031-003-N.jpg,CFD-BM-011-020-A.jpg
0,1,93,CFD-BM-032-015-A.jpg,CFD-BM-226-276-N.jpg,CFD-BM-037-036-HO.jpg,CFD-WM-001-007-HC.jpg,CFD-BM-236-248-N.jpg,CFD-BM-238-242-N.jpg
1,1,54,CFD-BM-003-003-N.jpg,CFD-BM-005-010-A.jpg,CFD-BM-029-029-HO.jpg,CFD-BM-025-051-F.jpg,CFD-WM-001-007-HC.jpg,CFD-BM-020-024-HC.jpg
0,-1,155,CFD-BM-252-161-N.jpg,CFD-WM-001-007-HC.jpg,CFD-BM-001-022-A.jpg,CFD-BM-218-132-N.jpg,CFD-BM-025-035-N.jpg,CFD-BM-026-002-N.jpg
1,1,180,CFD-BM-023-029-N.jpg,CFD-BM-032-010-HC.jpg,CFD-BM-020-001-N.jpg,CFD-BM-021-022-HO.jpg,CFD-WM-001-007-HC.jpg,CFD-BM-021-026-A.jpg
0,-1,242,CFD-WM-001-007-HC.jpg,CFD-BM-037-041-A.jpg,CFD-BM-020-024-HC.jpg,CFD-BM-044-051-F.jpg,CFD-BM-017-052-HC.jpg,CFD-BM-018-004-HC.jpg
1,1,11,CFD-WM-001-007-HC.jpg,CFD-BM-037-041-A.jpg,CFD-BM-001-022-A.jpg,CFD-BM-034-025-F.jpg,CFD-BM-043-076-HO.jpg,CFD-BM-252-161-N.jpg
1,-1,15,CFD-BM-003-003-N.jpg,CFD-BM-030-065-F.jpg,CFD-WM-001-007-HC.jpg,CFD-BM-038-001-N.jpg,CFD-BM-033-026-HC.jpg,CFD-BM-031-030-A.jpg
1,1,271,CFD-BM-016-042-A.jpg,CFD-BM-032-007-HO.jpg,CFD-WM-001-007-HC.jpg,CFD-BM-019-008-HC.jpg,CFD-BM-013-002-N.jpg,CFD-BM-044-038-HC.jpg
0,-1,262,CFD-BM-005-010-A.jpg,CFD-BM-011-020-A.jpg,CFD-WM-001-007-HC.jpg,CFD-BM-208-065-N.jpg,CFD-BM-018-001-N.jpg,CFD-BM-232-213-N.jpg
1,1,2,CFD-BM-022-014-F.jpg,CFD-BM-221-198-N.jpg,CFD-BM-228-145-N.jpg,CFD-BM-017-035-A.jpg,CFD-WM-001-007-HC.jpg,CFD-BM-003-030-A.jpg
0,1,127,CFD-BM-044-037-HO.jpg,CFD-BM-023-011-A.jpg,CFD-WM-001-007-HC.jpg,CFD-BM-016-040-HO.jpg,CFD-BM-036-004-HO.jpg,CFD-BM-026-006-HC.jpg
1,-1,115,CFD-BM-033-032-A.jpg,CFD-BM-024-061-HO.jpg,CFD-BM-009-009-F.jpg,CFD-BM-026-009-HO.jpg,CFD-BM-025-035-N.jpg,CFD-WM-001-007-HC.jpg
1,-1,61,CFD-BM-200-046-N.jpg,CFD-BM-016-040-HO.jpg,CFD-BM-036-007-HC.jpg,CFD-BM-020-037-A.jpg,CFD-BM-024-113-HC.jpg,CFD-WM-001-007-HC.jpg
1,1,219,CFD-BM-026-009-HO.jpg,CFD-WM-001-007-HC.jpg,CFD-BM-043-014-A.jpg,CFD-BM-026-006-HC.jpg,CFD-BM-036-004-HO.jpg,CFD-BM-009-009-F.jpg
1,-1,5,CFD-BM-207-024-N.jpg,CFD-WM-001-007-HC.jpg,CFD-BM-028-031-HC.jpg,CFD-BM-034-040-A.jpg,CFD-BM-033-032-A.jpg,CFD-BM-021-022-HO.jpg
1,1,107,CFD-BM-019-049-F.jpg,CFD-BM-023-011-A.jpg,CFD-WM-001-007-HC.jpg,CFD-BM-026-002-N.jpg,CFD-BM-009-002-N.jpg,CFD-BM-033-029-HO.jpg
1,1,207,CFD-WM-001-007-HC.jpg,CFD-BM-029-024-N.jpg,CFD-BM-029-026-HC.jpg,CFD-BM-011-013-F.jpg,CFD-BM-022-014-F.jpg,CFD-BM-013-002-N.jpg
1,-1,16,CFD-BM-039-034-HO.jpg,CFD-BM-010-019-A.jpg,CFD-BM-021-029-F.jpg,CFD-BM-046-048-A.jpg,CFD-WM-001-007-HC.jpg,CFD-BM-030-008-HC.jpg
1,1,194,CFD-BM-223-171-N.jpg,CFD-WM-001-007-HC.jpg,CFD-BM-023-034-HC.jpg,CFD-BM-001-014-N.jpg,CFD-BM-238-242-N.jpg,CFD-BM-044-037-HO.jpg
1,1,197,CFD-BM-236-248-N.jpg,CFD-BM-013-004-HO.jpg,CFD-WM-001-007-HC.jpg,CFD-BM-023-011-A.jpg,CFD-BM-011-013-F.jpg,CFD-BM-200-046-N.jpg
0,1,182,CFD-WM-001-007-HC.jpg,CFD-BM-204-003-N.jpg,CFD-BM-040-002-N.jpg,CFD-BM-041-041-HO.jpg,CFD-BM-029-024-N.jpg,CFD-BM-044-051-F.jpg
1,-1,273,CFD-BM-029-026-HC.jpg,CFD-BM-032-015-A.jpg,CFD-BM-009-009-F.jpg,CFD-WM-001-007-HC.jpg,CFD-BM-024-001-N.jpg,CFD-BM-236-248-N.jpg
1,1,145,CFD-BM-244-197-N.jpg,CFD-BM-025-045-A.jpg,CFD-WM-001-007-HC.jpg,CFD-BM-017-035-A.jpg,CFD-BM-022-030-A.jpg,CFD-BM-245-164-N.jpg
0,-1,143,CFD-BM-030-003-N.jpg,CFD-BM-024-061-HO.jpg,CFD-WM-001-007-HC.jpg,CFD-BM-036-045-F.jpg,CFD-BM-017-064-F.jpg,CFD-BM-235-226-N.jpg
0,-1,267,CFD-BM-036-037-A.jpg,CFD-BM-015-015-N.jpg,CFD-BM-011-017-HO.jpg,CFD-BM-209-088-N.jpg,CFD-BM-024-113-HC.jpg,CFD-WM-001-007-HC.jpg
1,-1,228,CFD-WM-001-007-HC.jpg,CFD-BM-024-018-A.jpg,CFD-BM-021-009-HC.jpg,CFD-BM-003-021-HO.jpg,CFD-BM-233-285-N.jpg,CFD-BM-201-077-N.jpg
0,1,56,CFD-BM-227-191-N.jpg,CFD-BM-011-019-HC.jpg,CFD-BM-020-026-HO.jpg,CFD-BM-039-034-HO.jpg,CFD-WM-001-007-HC.jpg,CFD-BM-027-001-N.jpg
0,-1,189,CFD-BM-038-001-N.jpg,CFD-BM-018-040-F.jpg,CFD-BM-020-001-N.jpg,CFD-WM-001-007-HC.jpg,CFD-BM-040-030-HO.jpg,CFD-BM-025-045-A.jpg
0,-1,33,CFD-BM-032-010-HC.jpg,CFD-WM-001-007-HC.jpg,CFD-BM-018-004-HC.jpg,CFD-BM-041-048-A.jpg,CFD-BM-005-003-N.jpg,CFD-BM-033-003-N.jpg
0,1,118,CFD-BM-226-276-N.jpg,CFD-BM-033-026-HC.jpg,CFD-WM-001-007-HC.jpg,CFD-BM-016-040-HO.jpg,CFD-BM-024-061-HO.jpg,CFD-BM-250-170-N.jpg
0,-1,254,CFD-WM-001-007-HC.jpg,CFD-BM-240-207-N.jpg,CFD-BM-013-004-HO.jpg,CFD-BM-029-026-HC.jpg,CFD-BM-232-213-N.jpg,CFD-BM-207-024-N.jpg
0,-1,156,CFD-BM-025-051-F.jpg,CFD-BM-001-022-A.jpg,CFD-BM-011-013-F.jpg,CFD-WM-001-007-HC.jpg,CFD-BM-021-009-HC.jpg,CFD-BM-046-042-HC.jpg
1,1,276,CFD-WM-001-007-HC.jpg,CFD-BM-009-006-HC.jpg,CFD-BM-245-164-N.jpg,CFD-BM-209-088-N.jpg,CFD-BM-001-022-A.jpg,CFD-BM-025-040-HO.jpg
1,-1,25,CFD-BM-251-013-N.jpg,CFD-BM-009-008-A.jpg,CFD-BM-031-009-HC.jpg,CFD-BM-232-213-N.jpg,CFD-WM-001-007-HC.jpg,CFD-BM-030-065-F.jpg
1,-1,234,CFD-BM-011-017-HO.jpg,CFD-BM-203-001-N.jpg,CFD-BM-023-011-A.jpg,CFD-BM-044-001-N.jpg,CFD-WM-001-007-HC.jpg,CFD-BM-017-021-N.jpg
1,1,236,CFD-BM-043-072-HC.jpg,CFD-BM-044-001-N.jpg,CFD-BM-016-040-HO.jpg,CFD-BM-206-114-N.jpg,CFD-BM-030-008-HC.jpg,CFD-WM-001-007-HC.jpg
0,-1,241,CFD-BM-224-073-N.jpg,CFD-BM-232-213-N.jpg,CFD-BM-037-088-F.jpg,CFD-BM-231-155-N.jpg,CFD-WM-001-007-HC.jpg,CFD-BM-034-033-HO.jpg
0,1,80,CFD-WM-001-007-HC.jpg,CFD-BM-013-002-N.jpg,CFD-BM-228-145-N.jpg,CFD-BM-036-045-F.jpg,CFD-BM-034-040-A.jpg,CFD-BM-229-209-N.jpg
1,1,44,CFD-WM-001-007-HC.jpg,CFD-BM-039-037-A.jpg,CFD-BM-228-145-N.jpg,CFD-BM-207-024-N.jpg,CFD-BM-026-017-A.jpg,CFD-BM-016-036-N.jpg
0,1,209,CFD-BM-241-235-N.jpg,CFD-BM-046-063-F.jpg,CFD-WM-001-007-HC.jpg,CFD-BM-211-174-N.jpg,CFD-BM-038-007-HO.jpg,CFD-BM-024-001-N.jpg
1,1,77,CFD-BM-045-045-F.jpg,CFD-WM-001-007-HC.jpg,CFD-BM-242-233-N.jpg,CFD-BM-009-009-F.jpg,CFD-BM-043-071-N.jpg,CFD-BM-203-001-N.jpg
0,1,41,CFD-BM-044-051-F.jpg,CFD-BM-031-009-HC.jpg,CFD-BM-040-013-A.jpg,CFD-BM-012-018-N.jpg,CFD-BM-200-046-N.jpg,CFD-WM-001-007-HC.jpg
0,1,3,CFD-BM-034-040-A.jpg,CFD-BM-207-024-N.jpg,CFD-WM-001-007-HC.jpg,CFD-BM-229-209-N.jpg,CFD-BM-022-022-N.jpg,CFD-BM-002-013-N.jpg
1,-1,114,CFD-BM-028-028-HO.jpg,CFD-BM-045-004-N.jpg,CFD-BM-211-174-N.jpg,CFD-BM-037-041-A.jpg,CFD-BM-019-002-N.jpg,CFD-WM-001-007-HC.jpg
1,1,90,CFD-BM-031-034-F.jpg,CFD-BM-242-233-N.jpg,CFD-WM-001-007-HC.jpg,CFD-BM-034-031-N.jpg,CFD-BM-037-041-A.jpg,CFD-BM-245-164-N.jpg
1,-1,99,CFD-BM-004-002-N.jpg,CFD-BM-019-045-A.jpg,CFD-WM-001-007-HC.jpg,CFD-BM-005-005-HO.jpg,CFD-BM-226-276-N.jpg,CFD-BM-037-041-A.jpg
0,-1,132,CFD-WM-001-007-HC.jpg,CFD-BM-013-019-F.jpg,CFD-BM-023-006-HO.jpg,CFD-BM-009-008-A.jpg,CFD-BM-031-030-A.jpg,CFD-BM-037-036-HO.jpg
1,1,46,CFD-BM-011-020-A.jpg,CFD-BM-206-114-N.jpg,CFD-BM-038-004-HC.jpg,CFD-BM-001-014-N.jpg,CFD-BM-238-242-N.jpg,CFD-WM-001-007-HC.jpg
0,1,60,CFD-BM-003-021-HO.jpg,CFD-BM-025-051-F.jpg,CFD-BM-037-038-HC.jpg,CFD-BM-015-012-A.jpg,CFD-BM-223-171-N.jpg,CFD-WM-001-007-HC.jpg
1,-1,181,CFD-BM-019-049-F.jpg,CFD-BM-023-011-A.jpg,CFD-BM-207-024-N.jpg,CFD-BM-223-171-N.jpg,CFD-WM-001-007-HC.jpg,CFD-BM-022-030-A.jpg
0,1,170,CFD-BM-229-209-N.jpg,CFD-BM-207-024-N.jpg,CFD-BM-032-010-HC.jpg,CFD-BM-005-003-N.jpg,CFD-BM-034-031-N.jpg,CFD-WM-001-007-HC.jpg
0,-1,117,CFD-WM-001-007-HC.jpg,CFD-BM-019-008-HC.jpg,CFD-BM-235-226-N.jpg,CFD-BM-218-132-N.jpg,CFD-BM-026-006-HC.jpg,CFD-BM-246-192-N.jpg
1,-1,19,CFD-WM-001-007-HC.jpg,CFD-BM-034-035-HC.jpg,CFD-BM-025-004-HC.jpg,CFD-BM-020-016-F.jpg,CFD-BM-233-285-N.jpg,CFD-BM-039-031-HC.jpg
0,-1,268,CFD-BM-019-045-A.jpg,CFD-BM-002-016-A.jpg,CFD-BM-024-018-A.jpg,CFD-WM-001-007-HC.jpg,CFD-BM-046-006-N.jpg,CFD-BM-011-019-HC.jpg
0,-1,136,CFD-BM-040-032-HC.jpg,CFD-BM-029-029-HO.jpg,CFD-BM-040-030-HO.jpg,CFD-WM-001-007-HC.jpg,CFD-BM-015-015-N.jpg,CFD-BM-002-011-HC.jpg
0,1,165,CFD-WM-001-007-HC.jpg,CFD-BM-039-029-N.jpg,CFD-BM-026-002-N.jpg,CFD-BM-225-154-N.jpg,CFD-BM-032-039-F.jpg,CFD-BM-013-004-HO.jpg
0,-1,205,CFD-BM-038-004-HC.jpg,CFD-WM-001-007-HC.jpg,CFD-BM-022-004-HC.jpg,CFD-BM-045-045-F.jpg,CFD-BM-031-030-A.jpg,CFD-BM-217-082-N.jpg
0,-1,70,CFD-BM-045-061-A.jpg,CFD-BM-037-038-HC.jpg,CFD-BM-023-034-HC.jpg,CFD-BM-023-006-HO.jpg,CFD-WM-001-007-HC.jpg,CFD-BM-015-016-HO.jpg
0,-1,13,CFD-BM-038-007-HO.jpg,CFD-BM-023-034-HC.jpg,CFD-BM-022-022-N.jpg,CFD-BM-022-030-A.jpg,CFD-WM-001-007-HC.jpg,CFD-BM-002-013-N.jpg
1,-1,68,CFD-BM-037-041-A.jpg,CFD-BM-005-010-A.jpg,CFD-WM-001-007-HC.jpg,CFD-BM-002-013-N.jpg,CFD-BM-002-007-HO.jpg,CFD-BM-017-035-A.jpg
1,-1,30,CFD-BM-217-082-N.jpg,CFD-WM-001-007-HC.jpg,CFD-BM-037-088-F.jpg,CFD-BM-041-030-F.jpg,CFD-BM-002-007-HO.jpg,CFD-BM-016-036-N.jpg
1,-1,38,CFD-BM-041-030-F.jpg,CFD-WM-001-007-HC.jpg,CFD-BM-002-002-F.jpg,CFD-BM-025-040-HO.jpg,CFD-BM-030-004-HO.jpg,CFD-BM-023-039-F.jpg
1,1,288,CFD-BM-018-040-F.jpg,CFD-WM-001-007-HC.jpg,CFD-BM-004-002-N.jpg,CFD-BM-005-016-F.jpg,CFD-BM-032-010-HC.jpg,CFD-BM-046-039-HO.jpg
1,-1,27,CFD-BM-021-021-N.jpg,CFD-BM-032-010-HC.jpg,CFD-BM-024-001-N.jpg,CFD-WM-001-007-HC.jpg,CFD-BM-038-007-HO.jpg,CFD-BM-246-192-N.jpg
0,1,290,CFD-BM-015-017-HC.jpg,CFD-BM-033-032-A.jpg,CFD-BM-037-036-HO.jpg,CFD-BM-223-171-N.jpg,CFD-WM-001-007-HC.jpg,CFD-BM-002-016-A.jpg
1,1,26,CFD-BM-015-014-F.jpg,CFD-BM-024-061-HO.jpg,CFD-BM-031-003-N.jpg,CFD-BM-016-030-F.jpg,CFD-WM-001-007-HC.jpg,CFD-BM-009-006-HC.jpg
1,-1,190,CFD-BM-041-048-A.jpg,CFD-BM-019-045-A.jpg,CFD-BM-213-134-N.jpg,CFD-WM-001-007-HC.jpg,CFD-BM-034-031-N.jpg,CFD-BM-023-039-F.jpg
0,-1,265,CFD-BM-038-001-N.jpg,CFD-WM-001-007-HC.jpg,CFD-BM-206-114-N.jpg,CFD-BM-230-232-N.jpg,CFD-BM-229-209-N.jpg,CFD-BM-021-021-N.jpg
1,1,133,CFD-BM-022-022-N.jpg,CFD-WM-001-007-HC.jpg,CFD-BM-217-082-N.jpg,CFD-BM-005-005-HO.jpg,CFD-BM-001-007-F.jpg,CFD-BM-044-001-N.jpg
1,1,202,CFD-BM-031-034-F.jpg,CFD-BM-009-006-HC.jpg,CFD-BM-032-015-A.jpg,CFD-WM-001-007-HC.jpg,CFD-BM-012-018-N.jpg,CFD-BM-001-014-N.jpg
1,1,23,CFD-BM-011-013-F.jpg,CFD-WM-001-007-HC.jpg,CFD-BM-005-016-F.jpg,CFD-BM-021-029-F.jpg,CFD-BM-030-041-A.jpg,CFD-BM-249-235-N.jpg
0,1,123,CFD-WM-001-007-HC.jpg,CFD-BM-009-003-HO.jpg,CFD-BM-218-132-N.jpg,CFD-BM-228-145-N.jpg,CFD-BM-036-045-F.jpg,CFD-BM-030-004-HO.jpg
1,1,199,CFD-BM-003-030-A.jpg,CFD-BM-228-145-N.jpg,CFD-BM-017-021-N.jpg,CFD-BM-046-042-HC.jpg,CFD-BM-045-045-F.jpg,CFD-WM-001-007-HC.jpg
0,1,40,CFD-BM-221-198-N.jpg,CFD-BM-002-016-A.jpg,CFD-BM-031-003-N.jpg,CFD-BM-021-022-HO.jpg,CFD-WM-001-007-HC.jpg,CFD-BM-015-012-A.jpg
1,1,17,CFD-WM-001-007-HC.jpg,CFD-BM-037-038-HC.jpg,CFD-BM-041-045-HC.jpg,CFD-BM-002-002-F.jpg,CFD-BM-027-001-N.jpg,CFD-BM-026-009-HO.jpg
1,-1,111,CFD-BM-009-003-HO.jpg,CFD-WM-001-007-HC.jpg,CFD-BM-036-007-HC.jpg,CFD-BM-232-213-N.jpg,CFD-BM-236-248-N.jpg,CFD-BM-043-076-HO.jpg
1,-1,4,CFD-BM-213-134-N.jpg,CFD-WM-001-007-HC.jpg,CFD-BM-040-013-A.jpg,CFD-BM-015-015-N.jpg,CFD-BM-019-008-HC.jpg,CFD-BM-026-017-A.jpg
1,-1,297,CFD-BM-213-134-N.jpg,CFD-WM-001-007-HC.jpg,CFD-BM-208-065-N.jpg,CFD-BM-030-065-F.jpg,CFD-BM-018-007-HO.jpg,CFD-BM-026-006-HC.jpg
1,-1,187,CFD-BM-023-006-HO.jpg,CFD-BM-224-073-N.jpg,CFD-BM-031-009-HC.jpg,CFD-BM-041-041-HO.jpg,CFD-WM-001-007-HC.jpg,CFD-BM-209-088-N.jpg
1,-1,239,CFD-BM-034-035-HC.jpg,CFD-BM-031-030-A.jpg,CFD-BM-037-088-F.jpg,CFD-BM-021-026-A.jpg,CFD-WM-001-007-HC.jpg,CFD-BM-033-029-HO.jpg
0,-1,153,CFD-BM-244-197-N.jpg,CFD-WM-001-007-HC.jpg,CFD-BM-011-020-A.jpg,CFD-BM-241-235-N.jpg,CFD-BM-013-014-HC.jpg,CFD-BM-018-012-A.jpg
0,-1,147,CFD-BM-031-003-N.jpg,CFD-BM-036-045-F.jpg,CFD-WM-001-007-HC.jpg,CFD-BM-046-063-F.jpg,CFD-BM-013-019-F.jpg,CFD-BM-045-061-A.jpg
0,-1,296,CFD-BM-030-065-F.jpg,CFD-BM-235-226-N.jpg,CFD-BM-009-009-F.jpg,CFD-WM-001-007-HC.jpg,CFD-BM-011-017-HO.jpg,CFD-BM-202-063-N.jpg
0,1,12,CFD-BM-036-007-HC.jpg,CFD-BM-040-013-A.jpg,CFD-BM-005-010-A.jpg,CFD-BM-002-002-F.jpg,CFD-BM-227-191-N.jpg,CFD-WM-001-007-HC.jpg
0,-1,152,CFD-BM-043-071-N.jpg,CFD-WM-001-007-HC.jpg,CFD-BM-024-061-HO.jpg,CFD-BM-020-001-N.jpg,CFD-BM-028-028-HO.jpg,CFD-BM-040-013-A.jpg
0,1,7,CFD-BM-018-004-HC.jpg,CFD-BM-015-014-F.jpg,CFD-BM-223-171-N.jpg,CFD-WM-001-007-HC.jpg,CFD-BM-001-007-F.jpg,CFD-BM-231-155-N.jpg
0,1,229,CFD-BM-046-039-HO.jpg,CFD-BM-011-016-N.jpg,CFD-BM-016-042-A.jpg,CFD-WM-001-007-HC.jpg,CFD-BM-040-013-A.jpg,CFD-BM-033-038-F.jpg
0,-1,282,CFD-WM-001-007-HC.jpg,CFD-BM-016-030-F.jpg,CFD-BM-011-020-A.jpg,CFD-BM-021-026-A.jpg,CFD-BM-022-027-HO.jpg,CFD-BM-028-002-N.jpg
0,1,81,CFD-WM-001-007-HC.jpg,CFD-BM-022-022-N.jpg,CFD-BM-201-077-N.jpg,CFD-BM-033-026-HC.jpg,CFD-BM-030-003-N.jpg,CFD-BM-031-034-F.jpg
0,-1,159,CFD-BM-206-114-N.jpg,CFD-BM-037-038-HC.jpg,CFD-BM-043-072-HC.jpg,CFD-BM-032-015-A.jpg,CFD-BM-044-001-N.jpg,CFD-WM-001-007-HC.jpg
0,1,101,CFD-BM-010-019-A.jpg,CFD-BM-018-007-HO.jpg,CFD-BM-236-248-N.jpg,CFD-BM-249-235-N.jpg,CFD-BM-021-009-HC.jpg,CFD-WM-001-007-HC.jpg
1,-1,21,CFD-WM-001-007-HC.jpg,CFD-BM-031-003-N.jpg,CFD-BM-230-232-N.jpg,CFD-BM-225-154-N.jpg,CFD-BM-240-207-N.jpg,CFD-BM-018-040-F.jpg
1,1,62,CFD-BM-045-045-F.jpg,CFD-WM-001-007-HC.jpg,CFD-BM-043-076-HO.jpg,CFD-BM-231-155-N.jpg,CFD-BM-023-039-F.jpg,CFD-BM-010-004-HO.jpg
1,1,204,CFD-WM-001-007-HC.jpg,CFD-BM-211-174-N.jpg,CFD-BM-005-010-A.jpg,CFD-BM-202-063-N.jpg,CFD-BM-246-192-N.jpg,CFD-BM-009-008-A.jpg
1,-1,235,CFD-BM-040-032-HC.jpg,CFD-BM-046-006-N.jpg,CFD-BM-022-004-HC.jpg,CFD-BM-021-029-F.jpg,CFD-WM-001-007-HC.jpg,CFD-BM-030-003-N.jpg
1,1,217,CFD-WM-001-007-HC.jpg,CFD-BM-041-041-HO.jpg,CFD-BM-028-031-HC.jpg,CFD-BM-032-024-N.jpg,CFD-BM-037-033-N.jpg,CFD-BM-017-052-HC.jpg
1,1,263,CFD-BM-017-021-N.jpg,CFD-BM-024-113-HC.jpg,CFD-BM-023-011-A.jpg,CFD-BM-039-044-F.jpg,CFD-BM-232-213-N.jpg,CFD-WM-001-007-HC.jpg
1,1,120,CFD-BM-034-031-N.jpg,CFD-BM-206-114-N.jpg,CFD-BM-002-002-F.jpg,CFD-WM-001-007-HC.jpg,CFD-BM-011-017-HO.jpg,CFD-BM-230-232-N.jpg
0,-1,154,CFD-BM-251-013-N.jpg,CFD-BM-023-029-N.jpg,CFD-WM-001-007-HC.jpg,CFD-BM-046-006-N.jpg,CFD-BM-046-048-A.jpg,CFD-BM-038-004-HC.jpg
0,1,138,CFD-BM-045-045-F.jpg,CFD-BM-009-003-HO.jpg,CFD-BM-009-009-F.jpg,CFD-BM-015-016-HO.jpg,CFD-WM-001-007-HC.jpg,CFD-BM-213-134-N.jpg
0,-1,225,CFD-BM-239-136-N.jpg,CFD-BM-046-048-A.jpg,CFD-BM-021-021-N.jpg,CFD-BM-040-002-N.jpg,CFD-BM-037-038-HC.jpg,CFD-WM-001-007-HC.jpg
0,-1,169,CFD-BM-244-197-N.jpg,CFD-BM-251-013-N.jpg,CFD-BM-013-016-A.jpg,CFD-BM-022-022-N.jpg,CFD-WM-001-007-HC.jpg,CFD-BM-030-008-HC.jpg
1,-1,36,CFD-BM-245-164-N.jpg,CFD-BM-027-001-N.jpg,CFD-BM-238-242-N.jpg,CFD-WM-001-007-HC.jpg,CFD-BM-020-026-HO.jpg,CFD-BM-030-065-F.jpg
0,1,149,CFD-BM-019-049-F.jpg,CFD-WM-001-007-HC.jpg,CFD-BM-215-155-N.jpg,CFD-BM-043-014-A.jpg,CFD-BM-003-030-A.jpg,CFD-BM-016-040-HO.jpg
0,1,85,CFD-BM-026-017-A.jpg,CFD-BM-018-012-A.jpg,CFD-BM-206-114-N.jpg,CFD-BM-039-034-HO.jpg,CFD-WM-001-007-HC.jpg,CFD-BM-245-164-N.jpg
1,1,245,CFD-BM-038-007-HO.jpg,CFD-WM-001-007-HC.jpg,CFD-BM-031-004-HO.jpg,CFD-BM-001-011-HO.jpg,CFD-BM-011-020-A.jpg,CFD-BM-240-207-N.jpg
1,-1,264,CFD-BM-018-012-A.jpg,CFD-BM-043-076-HO.jpg,CFD-BM-005-003-N.jpg,CFD-BM-033-003-N.jpg,CFD-BM-003-021-HO.jpg,CFD-WM-001-007-HC.jpg
1,1,240,CFD-BM-218-132-N.jpg,CFD-BM-020-016-F.jpg,CFD-BM-037-033-N.jpg,CFD-WM-001-007-HC.jpg,CFD-BM-016-040-HO.jpg,CFD-BM-002-002-F.jpg
1,-1,104,CFD-BM-029-020-F.jpg,CFD-BM-039-029-N.jpg,CFD-BM-246-192-N.jpg,CFD-BM-041-030-F.jpg,CFD-WM-001-007-HC.jpg,CFD-BM-031-030-A.jpg
1,1,151,CFD-BM-020-016-F.jpg,CFD-WM-001-007-HC.jpg,CFD-BM-002-013-N.jpg,CFD-BM-029-024-N.jpg,CFD-BM-028-028-HO.jpg,CFD-BM-025-051-F.jpg
0,-1,223,CFD-BM-030-008-HC.jpg,CFD-WM-001-007-HC.jpg,CFD-BM-242-233-N.jpg,CFD-BM-016-036-N.jpg,CFD-BM-023-029-N.jpg,CFD-BM-002-007-HO.jpg
1,1,175,CFD-WM-001-007-HC.jpg,CFD-BM-031-004-HO.jpg,CFD-BM-224-073-N.jpg,CFD-BM-034-040-A.jpg,CFD-BM-024-061-HO.jpg,CFD-BM-037-033-N.jpg
1,-1,184,CFD-BM-219-141-N.jpg,CFD-BM-009-008-A.jpg,CFD-WM-001-007-HC.jpg,CFD-BM-022-027-HO.jpg,CFD-BM-209-088-N.jpg,CFD-BM-030-003-N.jpg
1,1,283,CFD-BM-037-041-A.jpg,CFD-BM-204-003-N.jpg,CFD-BM-010-019-A.jpg,CFD-WM-001-007-HC.jpg,CFD-BM-009-008-A.jpg,CFD-BM-028-012-A.jpg
1,1,50,CFD-BM-030-003-N.jpg,CFD-WM-001-007-HC.jpg,CFD-BM-029-029-HO.jpg,CFD-BM-028-012-A.jpg,CFD-BM-046-042-HC.jpg,CFD-BM-031-030-A.jpg
1,-1,63,CFD-BM-046-006-N.jpg,CFD-BM-200-046-N.jpg,CFD-BM-025-004-HC.jpg,CFD-BM-016-036-N.jpg,CFD-WM-001-007-HC.jpg,CFD-BM-011-019-HC.jpg
0,-1,298,CFD-BM-016-030-F.jpg,CFD-WM-001-007-HC.jpg,CFD-BM-034-025-F.jpg,CFD-BM-215-155-N.jpg,CFD-BM-039-031-HC.jpg,CFD-BM-024-018-A.jpg
1,1,100,CFD-BM-023-034-HC.jpg,CFD-WM-001-007-HC.jpg,CFD-BM-009-003-HO.jpg,CFD-BM-026-002-N.jpg,CFD-BM-040-013-A.jpg,CFD-BM-036-007-HC.jpg
0,-1,6,CFD-BM-018-007-HO.jpg,CFD-BM-011-017-HO.jpg,CFD-WM-001-007-HC.jpg,CFD-BM-003-021-HO.jpg,CFD-BM-030-003-N.jpg,CFD-BM-242-233-N.jpg
0,1,109,CFD-BM-209-088-N.jpg,CFD-WM-001-007-HC.jpg,CFD-BM-004-002-N.jpg,CFD-BM-015-015-N.jpg,CFD-BM-002-007-HO.jpg,CFD-BM-031-004-HO.jpg
1,1,126,CFD-BM-003-021-HO.jpg,CFD-BM-034-025-F.jpg,CFD-WM-001-007-HC.jpg,CFD-BM-037-036-HO.jpg,CFD-BM-021-009-HC.jpg,CFD-BM-209-088-N.jpg
1,-1,86,CFD-BM-013-002-N.jpg,CFD-BM-034-025-F.jpg,CFD-BM-217-082-N.jpg,CFD-BM-249-235-N.jpg,CFD-BM-032-039-F.jpg,CFD-WM-001-007-HC.jpg
1,1,275,CFD-BM-005-005-HO.jpg,CFD-BM-230-232-N.jpg,CFD-BM-023-006-HO.jpg,CFD-BM-010-003-N.jpg,CFD-WM-001-007-HC.jpg,CFD-BM-011-019-HC.jpg
0,1,119,CFD-WM-001-007-HC.jpg,CFD-BM-226-276-N.jpg,CFD-BM-044-051-F.jpg,CFD-BM-244-197-N.jpg,CFD-BM-003-031-F.jpg,CFD-BM-038-004-HC.jpg
0,-1,243,CFD-BM-010-004-HO.jpg,CFD-BM-019-002-N.jpg,CFD-BM-226-276-N.jpg,CFD-BM-003-003-N.jpg,CFD-BM-029-020-F.jpg,CFD-WM-001-007-HC.jpg
0,1,102,CFD-WM-001-007-HC.jpg,CFD-BM-030-004-HO.jpg,CFD-BM-001-022-A.jpg,CFD-BM-032-010-HC.jpg,CFD-BM-040-013-A.jpg,CFD-BM-243-218-N.jpg
0,-1,87,CFD-BM-028-012-A.jpg,CFD-BM-036-037-A.jpg,CFD-BM-011-019-HC.jpg,CFD-BM-218-132-N.jpg,CFD-WM-001-007-HC.jpg,CFD-BM-227-191-N.jpg
0,-1,22,CFD-BM-236-248-N.jpg,CFD-BM-247-240-N.jpg,CFD-BM-250-170-N.jpg,CFD-BM-041-041-HO.jpg,CFD-WM-001-007-HC.jpg,CFD-BM-010-003-N.jpg
1,-1,48,CFD-BM-232-213-N.jpg,CFD-BM-036-007-HC.jpg,CFD-WM-001-007-HC.jpg,CFD-BM-040-030-HO.jpg,CFD-BM-222-173-N.jpg,CFD-BM-024-001-N.jpg
1,-1,213,CFD-WM-001-007-HC.jpg,CFD-BM-203-001-N.jpg,CFD-BM-210-148-N.jpg,CFD-BM-001-007-F.jpg,CFD-BM-012-018-N.jpg,CFD-BM-036-037-A.jpg
0,-1,49,CFD-BM-017-035-A.jpg,CFD-BM-046-042-HC.jpg,CFD-BM-020-016-F.jpg,CFD-WM-001-007-HC.jpg,CFD-BM-005-016-F.jpg,CFD-BM-029-020-F.jpg
1,1,39,CFD-BM-021-009-HC.jpg,CFD-BM-011-013-F.jpg,CFD-BM-213-134-N.jpg,CFD-WM-001-007-HC.jpg,CFD-BM-045-061-A.jpg,CFD-BM-001-014-N.jpg
0,1,162,CFD-BM-017-052-HC.jpg,CFD-WM-001-007-HC.jpg,CFD-BM-034-040-A.jpg,CFD-BM-010-004-HO.jpg,CFD-BM-024-018-A.jpg,CFD-BM-005-016-F.jpg
0,-1,195,CFD-BM-044-001-N.jpg,CFD-BM-022-014-F.jpg,CFD-BM-001-007-F.jpg,CFD-BM-002-011-HC.jpg,CFD-WM-001-007-HC.jpg,CFD-BM-015-017-HC.jpg
0,1,139,CFD-BM-015-016-HO.jpg,CFD-BM-039-044-F.jpg,CFD-WM-001-007-HC.jpg,CFD-BM-002-013-N.jpg,CFD-BM-040-030-HO.jpg,CFD-BM-002-002-F.jpg
1,-1,260,CFD-BM-205-001-N.jpg,CFD-BM-003-003-N.jpg,CFD-BM-025-040-HO.jpg,CFD-WM-001-007-HC.jpg,CFD-BM-246-192-N.jpg,CFD-BM-023-029-N.jpg
0,1,83,CFD-BM-011-017-HO.jpg,CFD-BM-003-030-A.jpg,CFD-BM-020-026-HO.jpg,CFD-BM-045-004-N.jpg,CFD-WM-001-007-HC.jpg,CFD-BM-030-008-HC.jpg
0,1,14,CFD-BM-028-031-HC.jpg,CFD-WM-001-007-HC.jpg,CFD-BM-001-022-A.jpg,CFD-BM-033-038-F.jpg,CFD-BM-233-285-N.jpg,CFD-BM-037-036-HO.jpg
0,1,192,CFD-BM-029-024-N.jpg,CFD-BM-037-038-HC.jpg,CFD-BM-036-004-HO.jpg,CFD-WM-001-007-HC.jpg,CFD-BM-226-276-N.jpg,CFD-BM-031-009-HC.jpg
0,1,289,CFD-BM-002-002-F.jpg,CFD-BM-242-233-N.jpg,CFD-BM-033-003-N.jpg,CFD-BM-045-004-N.jpg,CFD-BM-030-003-N.jpg,CFD-WM-001-007-HC.jpg
1,1,248,CFD-BM-010-004-HO.jpg,CFD-BM-036-003-N.jpg,CFD-WM-001-007-HC.jpg,CFD-BM-029-024-N.jpg,CFD-BM-026-009-HO.jpg,CFD-BM-030-004-HO.jpg
0,1,1,CFD-BM-212-117-N.jpg,CFD-BM-020-037-A.jpg,CFD-BM-026-006-HC.jpg,CFD-BM-025-051-F.jpg,CFD-WM-001-007-HC.jpg,CFD-BM-010-015-F.jpg
1,-1,244,CFD-BM-249-235-N.jpg,CFD-BM-039-031-HC.jpg,CFD-BM-021-009-HC.jpg,CFD-BM-030-041-A.jpg,CFD-WM-001-007-HC.jpg,CFD-BM-038-017-F.jpg
1,-1,193,CFD-BM-013-004-HO.jpg,CFD-BM-040-032-HC.jpg,CFD-BM-040-002-N.jpg,CFD-BM-046-039-HO.jpg,CFD-BM-009-003-HO.jpg,CFD-WM-001-007-HC.jpg
1,-1,247,CFD-BM-023-006-HO.jpg,CFD-WM-001-007-HC.jpg,CFD-BM-043-076-HO.jpg,CFD-BM-023-034-HC.jpg,CFD-BM-019-008-HC.jpg,CFD-BM-205-001-N.jpg
0,-1,220,CFD-BM-244-197-N.jpg,CFD-WM-001-007-HC.jpg,CFD-BM-036-037-A.jpg,CFD-BM-230-232-N.jpg,CFD-BM-041-030-F.jpg,CFD-BM-020-026-HO.jpg
1,1,292,CFD-BM-009-002-N.jpg,CFD-BM-038-017-F.jpg,CFD-BM-033-026-HC.jpg,CFD-BM-033-029-HO.jpg,CFD-BM-045-004-N.jpg,CFD-WM-001-007-HC.jpg
0,1,287,CFD-BM-043-072-HC.jpg,CFD-WM-001-007-HC.jpg,CFD-BM-039-031-HC.jpg,CFD-BM-030-065-F.jpg,CFD-BM-003-021-HO.jpg,CFD-BM-003-003-N.jpg
